iter	Accuracy	CrossEntropy
0	0.8017558465	0.4974757539
1	0.8225232725	0.4113687897
2	0.8471202603	0.3583459325
3	0.8685991069	0.3172498511
4	0.8955876788	0.2627714653
5	0.9015060925	0.2510273384
6	0.9050480587	0.2412150353
7	0.9104064179	0.2319353452
8	0.9123741769	0.2237569932
9	0.9195035193	0.2038938492
10	0.9229243926	0.1941507768
11	0.9245742829	0.1905845654
12	0.926345266	0.1874453319
13	0.9287217135	0.1805806425
14	0.9346401271	0.1667192168
15	0.9362143344	0.1602806281
16	0.9375614925	0.1569428901
17	0.938121547	0.1554860975
18	0.9384091425	0.1550113425
19	0.9391356997	0.1530042844
20	0.9399682131	0.1501248078
21	0.9401801256	0.1487153449
22	0.9402406721	0.1484670765
23	0.9433436767	0.141537842
24	0.9444789223	0.1393736049
25	0.9467796867	0.1307808117
26	0.9476576099	0.1286635
27	0.9499886475	0.1239762723
28	0.9512147128	0.121398206
29	0.9512298494	0.1213728783
30	0.9517747673	0.1184749622
31	0.9537879361	0.1145694525
32	0.9543934004	0.1137251388
33	0.9542874442	0.1132173301
34	0.9557254219	0.1086355474
35	0.9571785363	0.1059122235
36	0.958192689	0.1049579961
37	0.9587830167	0.1036975458
38	0.9587830167	0.1036905032
39	0.9591008855	0.1009102113
40	0.9596458034	0.09955046079
41	0.9604783168	0.09843848335
42	0.9609626883	0.09721094519
43	0.9608718686	0.09668572286
44	0.9617800651	0.09516952093
45	0.9623855294	0.09395380405
46	0.9624309392	0.09281456917
47	0.9631423598	0.09185590725
48	0.9636721411	0.09074411977
49	0.9639294634	0.09034459207
50	0.9642624688	0.08964275712
51	0.9645652009	0.0893172895
52	0.9646711572	0.08889849755
53	0.964716567	0.08804741414
54	0.9652463483	0.08750427791
55	0.9653371679	0.08722159837
56	0.9660788617	0.08625111716
57	0.9664118671	0.08568360161
58	0.96653296	0.08522159303
59	0.9675925225	0.08399864648
60	0.9681677136	0.08161114041
61	0.9685915386	0.08073444168
62	0.9692121396	0.07992253574
63	0.9695905548	0.07944057978
64	0.969620828	0.07901745796
65	0.9698630137	0.07846652922
66	0.9698176039	0.07846536061
67	0.9698327405	0.07846457181
68	0.9698327405	0.07846455137
69	0.9698630137	0.07845029532
70	0.9702565655	0.07773878249
71	0.970468478	0.07721973087
72	0.9705441611	0.07708042321
73	0.9707863468	0.07670775786
74	0.9711042155	0.07485810362
75	0.9714977674	0.0742800695
76	0.9718156361	0.07364243276
77	0.9721486415	0.07293692727
78	0.9725270567	0.07222902359
79	0.9727541058	0.07174839311
80	0.9729357451	0.0714933353
81	0.9730719746	0.07123635121
82	0.9734201166	0.07030967048
83	0.9734049799	0.07003898946
84	0.9737985317	0.0692128335
85	0.9741618103	0.06804731005
86	0.974676455	0.06692477814
87	0.9747672747	0.06659890104
88	0.9749489139	0.06634917258
89	0.9750397336	0.06564333979
90	0.9754332854	0.06521902665
91	0.975524105	0.06496696718
92	0.975524105	0.0649666149
93	0.9756906077	0.06474853994
94	0.9759025202	0.06374181386
95	0.9759025202	0.06374178705
96	0.9759327935	0.06372246193
97	0.9764020283	0.06301502256
98	0.9766290774	0.06251177021
99	0.9768409899	0.0620807793
100	0.9769772194	0.06149025725
101	0.976992356	0.06147036568
102	0.9774010444	0.05991073174
103	0.9777794596	0.05950321637
104	0.9783092409	0.05852385077
105	0.9784000605	0.05834203377
106	0.9784757436	0.05820622217
107	0.9784151972	0.0575105916
108	0.9784908802	0.05722327277
109	0.9787784757	0.05688527787
110	0.9792628472	0.05638019048
111	0.9793233936	0.05621519708
112	0.9793385302	0.05505891397
113	0.9797018088	0.05447599152
114	0.9797623553	0.05436527098
115	0.9797623553	0.05434539305
116	0.980352683	0.05341601982
117	0.980504049	0.05302927593
118	0.9812457428	0.05203488208
119	0.981548475	0.05150409219
120	0.9818360705	0.05118565755
121	0.9819571634	0.05097488627
122	0.9824112616	0.05031262906
123	0.9823507152	0.05013532635
124	0.9825929009	0.04989803286
125	0.9831832286	0.04904682896
126	0.983168092	0.04904438521
127	0.9832740483	0.04880054828
128	0.9836373269	0.04834206706
129	0.9837584197	0.04807238452
130	0.9837735563	0.04788688071
131	0.9844092939	0.04609522747
132	0.9845152501	0.04519683921
133	0.9847574359	0.04500054617
134	0.9847574359	0.04483342394
135	0.985060168	0.04449112487
136	0.9850147582	0.04425424827
137	0.9851207144	0.04419823698
138	0.9850904412	0.0437992062
139	0.9851055778	0.04352208101
140	0.9851207144	0.04351565736
141	0.9854234466	0.04321138142
142	0.9855294029	0.04288179625
143	0.9857715886	0.04255530176
144	0.9858775448	0.04214107106
145	0.985832135	0.04179263656
146	0.9859532279	0.04156416977
147	0.9864375993	0.04130065029
148	0.9868008779	0.04052756286
149	0.9869825172	0.04033855992
150	0.9871036101	0.03999722131
151	0.9873457958	0.03949296877
152	0.9873912056	0.03936937051
153	0.9876031181	0.03894192041
154	0.9877090744	0.0385075488
155	0.988148036	0.03782136784
156	0.9882539923	0.03757343934
157	0.9884053584	0.03740201345
158	0.9884356316	0.0373220674
159	0.9886778173	0.03694288653
160	0.9886626807	0.03682914981
161	0.9890562325	0.03605426331
162	0.9891016423	0.03574238622
163	0.9895708772	0.03534196037
164	0.9895708772	0.03534178359
165	0.9895708772	0.03534131309
166	0.9895708772	0.03534009615
167	0.9895708772	0.03534003274
168	0.9895708772	0.03533995539
169	0.9895708772	0.03533971533
170	0.9895708772	0.03533298086
171	0.98969197	0.03485315591
172	0.9895860138	0.03469618583
173	0.9895557406	0.03453419729
174	0.9897525165	0.03426348749
175	0.9902520245	0.03325441531
176	0.9903428442	0.03310406322
177	0.990463937	0.03261330635
178	0.9907061228	0.03203320634
179	0.990736396	0.03177682255
180	0.9907061228	0.03171798102
181	0.9906909862	0.03156576233
182	0.9907818058	0.03143977633
183	0.9908272156	0.03089827395
184	0.9909483085	0.0308315165
185	0.9910239915	0.03063121379
186	0.9913267237	0.0299906709
187	0.9914478165	0.02979578541
188	0.9917808219	0.02912965274
189	0.992007871	0.02861671894
190	0.9920835541	0.02830859165
191	0.9923106032	0.02809254185
192	0.9923711496	0.02790847898
193	0.9923862862	0.02785472814
194	0.9924468327	0.0277526794
195	0.9925679255	0.02733944372
196	0.9926436086	0.02717885316
197	0.9930371604	0.02682648496
198	0.9929614773	0.02640328488
199	0.99312798	0.02608593934
200	0.9931431166	0.02608518012
201	0.9931431166	0.02608517761
202	0.9931431166	0.02608509681
203	0.9930977068	0.0260849777
204	0.9930977068	0.02608476897
205	0.9930977068	0.02608468289
206	0.9930977068	0.02608465369
207	0.9930977068	0.02608465369
208	0.9930977068	0.02608454228
209	0.9930977068	0.02608443758
210	0.9930977068	0.02608396897
211	0.9932339363	0.02570799216
212	0.9932036631	0.02549090552
213	0.9932339363	0.02537826804
214	0.9932642095	0.02521661821
215	0.9932793461	0.02509321642
216	0.9933247559	0.02498069468
217	0.9933398925	0.02472179305
218	0.9933398925	0.02472171315
219	0.9934912586	0.02441513499
220	0.9935063952	0.02441493305
221	0.9936577613	0.0241855313
222	0.9934609854	0.02405415165
223	0.9936123515	0.02377741882
224	0.9938545372	0.02331831477
225	0.9938545372	0.02331813843
226	0.9937939908	0.02313532239
227	0.9937939908	0.02313525903
228	0.9937939908	0.02313521103
229	0.9937939908	0.02313504347
230	0.9937939908	0.02313435711
231	0.9937939908	0.02313424572
232	0.9937939908	0.02313419042
233	0.9937939908	0.02313408037
234	0.9937939908	0.02313368398
235	0.9937939908	0.0231335768
236	0.9937939908	0.02313322399
237	0.9937939908	0.0231331375
238	0.9937939908	0.02313286214
239	0.9937939908	0.02313074758
240	0.9937939908	0.02313074595
241	0.9937939908	0.0231307201
242	0.9937939908	0.02313069514
243	0.9937939908	0.02313066576
244	0.9937939908	0.02313062769
245	0.9937939908	0.02313058341
246	0.9937939908	0.0231305393
247	0.9937939908	0.02313024277
248	0.9937939908	0.02313019694
249	0.9937788542	0.02312906758
250	0.9937788542	0.02311326115
251	0.9937788542	0.02311146601
252	0.9937788542	0.02310991928
253	0.9940815863	0.02280049418
254	0.9941118595	0.02274733074
255	0.9941269961	0.02269218944
256	0.9941572694	0.02268294228
257	0.9942934988	0.0223981146
258	0.994596231	0.02187023283
259	0.9946416408	0.02179293525
260	0.9946265042	0.02169499437
261	0.9946870506	0.02150842435
262	0.9950049194	0.02113035247
263	0.9951411489	0.02100467264
264	0.9951865587	0.02081489596
265	0.9951865587	0.02081488405
266	0.9951714221	0.0208148603
267	0.9951714221	0.02081484808
268	0.9951714221	0.02081483375
269	0.9951714221	0.02081483364
270	0.9951714221	0.02081470452
271	0.9951714221	0.02081467276
272	0.9951714221	0.02081464238
273	0.9952016953	0.02060095488
274	0.9953833346	0.02044347629
275	0.9953076516	0.02034704044
276	0.9954136078	0.02017917171
277	0.9954136078	0.02017888797
278	0.9953984712	0.02017833883
279	0.9953984712	0.0201751217
280	0.9953984712	0.02017444164
281	0.9956709301	0.01980373801
282	0.9956406569	0.01972545189
283	0.9956557935	0.01968720378
284	0.9956557935	0.01966928194
285	0.9956557935	0.01966900831
286	0.9956557935	0.01966853682
287	0.9956557935	0.01966793214
288	0.9956709301	0.01966701062
289	0.99571634	0.01960117221
290	0.9957314766	0.01952098203
291	0.9958374328	0.01920353912
292	0.9958828427	0.01896010925
293	0.9960493453	0.01860123882
294	0.9960493453	0.01860123397
295	0.9960493453	0.01860119546
296	0.9960493453	0.01860115913
297	0.9960493453	0.01860107426
298	0.9960493453	0.01860101803
299	0.9960493453	0.01860098129
300	0.9960493453	0.01860094612
301	0.9960493453	0.0186009106
302	0.9960493453	0.01860086453
303	0.9960493453	0.01860085687
304	0.9960493453	0.01860082793
305	0.9960493453	0.01860082793
306	0.9960493453	0.01860074569
307	0.9960493453	0.01860073177
308	0.9960493453	0.01860073177
309	0.9960493453	0.01860069229
310	0.9960493453	0.0186006396
311	0.9960493453	0.0186006336
312	0.9960644819	0.01853131811
313	0.9960796186	0.01846100104
314	0.9962309846	0.01800567607
315	0.9962309846	0.01800561216
316	0.9962309846	0.0180055862
317	0.9962309846	0.01800557332
318	0.9962309846	0.01800557231
319	0.9962309846	0.01800557129
320	0.9962309846	0.01800554821
321	0.9962309846	0.0180055465
322	0.9962309846	0.01800554312
323	0.9962309846	0.01800552582
324	0.9962309846	0.01800551811
325	0.9962309846	0.01800549144
326	0.9962309846	0.01800542607
327	0.9962309846	0.01800541547
328	0.9962309846	0.01800537515
329	0.9962309846	0.0180053367
330	0.9962309846	0.01800529886
331	0.9962309846	0.01800529002
332	0.9962309846	0.01800525536
333	0.9962309846	0.01800525536
334	0.9962309846	0.01800524622
335	0.9962309846	0.01800524199
336	0.9962309846	0.01800519205
337	0.9962309846	0.01800516146
338	0.9962309846	0.01800515408
339	0.9962309846	0.01800515033
340	0.9962309846	0.0180051466
341	0.9962309846	0.01800511717
342	0.9962309846	0.01800511717
343	0.9962309846	0.0180050889
344	0.9962309846	0.0180050613
345	0.9962309846	0.01800502199
346	0.9962309846	0.01800498627
347	0.9962309846	0.01800498627
348	0.9962763945	0.01794263516
349	0.9962763945	0.01794258729
350	0.9962763945	0.01794257546
351	0.9962612579	0.01794253172
352	0.9962612579	0.01794247121
353	0.9962612579	0.0179424331
354	0.9962612579	0.01794242364
355	0.9962612579	0.01794238768
356	0.9962612579	0.01794235224
357	0.9962612579	0.01794231937
358	0.9962612579	0.01794231145
359	0.9962612579	0.01794230752
360	0.9962612579	0.01794230752
361	0.9962612579	0.01794227546
362	0.9962612579	0.01794226798
363	0.9962612579	0.01794223859
364	0.9962612579	0.01794223859
365	0.9962612579	0.01794220933
366	0.9962612579	0.01794220251
367	0.9962612579	0.01794217569
368	0.9962612579	0.01794217569
369	0.9962612579	0.01794183867
370	0.9962612579	0.01794181387
371	0.9962612579	0.01794178101
372	0.9962612579	0.01780251601
373	0.9962461212	0.01767897749
374	0.9962763945	0.01759971153
375	0.9962763945	0.01759967919
376	0.9962915311	0.01755059708
377	0.9962915311	0.01755058495
378	0.9962915311	0.01755057783
379	0.9962915311	0.01755053724
380	0.9962915311	0.01755051706
381	0.9962915311	0.01755051157
382	0.9962915311	0.01755049315
383	0.9962915311	0.01755048255
384	0.9962915311	0.01755045463
385	0.9962915311	0.0175503861
386	0.9962915311	0.01755038214
387	0.9962915311	0.01755038214
388	0.9962915311	0.01755024335
389	0.9962915311	0.01755022504
390	0.9962915311	0.01755021059
391	0.9965942632	0.01734802115
392	0.9965942632	0.01723404533
393	0.9965791266	0.01715386571
394	0.9967304927	0.01695708893
395	0.9967304927	0.01695706773
396	0.9967002195	0.01675398439
397	0.9967153561	0.01662306283
398	0.9967002195	0.01661930837
399	0.9969575418	0.01632720716
400	0.9969575418	0.01632714894
401	0.996987815	0.01623606417
402	0.9971089079	0.01616546532
403	0.9970937713	0.0160797385
404	0.9969424052	0.01600846345
405	0.9969726784	0.01589932882
406	0.9969726784	0.01589917531
407	0.9970029516	0.01585048785
408	0.9971391811	0.01575601583
409	0.9972905472	0.01559945103
410	0.9972905472	0.01540951675
411	0.9973208204	0.01535547946
412	0.9974570499	0.01513584381
413	0.9974570499	0.01513578422
414	0.9974570499	0.01513524001
415	0.9974570499	0.01513518218
416	0.9974570499	0.01513492969
417	0.9974570499	0.01513481056
418	0.9974570499	0.01513475358
419	0.9974570499	0.01513430104
420	0.9974570499	0.01513418629
421	0.9974570499	0.01513396528
422	0.9974570499	0.01513391049
423	0.9975630061	0.01509174465
424	0.9976386892	0.0150026506
425	0.9975932793	0.01492494766
426	0.9975932793	0.01492473037
427	0.997608416	0.01492448981
428	0.9975630061	0.01478929056
429	0.9976386892	0.01466617263
430	0.997759782	0.01448225437
431	0.9978506017	0.01430839888
432	0.9978506017	0.01406287784
433	0.9979111481	0.01392452886
434	0.9980776508	0.01371672514
435	0.9981230606	0.01361364268
436	0.9981381972	0.01356202141
437	0.9981533338	0.0135329381
438	0.9981230606	0.0133307346
439	0.9981684704	0.01314676527
440	0.9981684704	0.01308875764
441	0.9983501097	0.01287029517
442	0.9983652463	0.01277064552
443	0.9983652463	0.01277046866
444	0.9983501097	0.01276682231
445	0.9983955196	0.0127215663
446	0.9983652463	0.01269732961
447	0.9983501097	0.01262160246
448	0.9983198365	0.0125823971
449	0.9983198365	0.01249816667
450	0.9983652463	0.01243091798
451	0.9984106562	0.01234042826
452	0.9984409294	0.01221079552
453	0.998456066	0.0121640282
454	0.998456066	0.0121640282
455	0.998456066	0.01214867707
456	0.9984712026	0.01212405579
457	0.9984712026	0.01212402775
458	0.9984863392	0.01205608741
459	0.9984863392	0.01205581925
460	0.9984863392	0.01200198883
461	0.9984863392	0.01200192069
462	0.9984863392	0.01200049877
463	0.9985468856	0.0118400791
464	0.9985468856	0.01178343496
465	0.9986679785	0.01162453731
466	0.9986528419	0.01154596322
467	0.9986074321	0.01149184723
468	0.9987739348	0.01133173073
469	0.9987587982	0.01120049564
470	0.9988950276	0.0111300847
471	0.9989404374	0.01099056992
472	0.9990161205	0.01066331378
473	0.9990918035	0.01055858494
474	0.9990463937	0.01049464956
475	0.9990463937	0.01039642214
476	0.99915235	0.01029566264
477	0.99915235	0.01029536848
478	0.99915235	0.01029505035
479	0.99915235	0.01029488969
480	0.9991826232	0.01023481609
481	0.9991826232	0.01023445863
482	0.9991826232	0.01023429601
483	0.9991674866	0.01023414295
484	0.9991674866	0.01023360024
485	0.9991674866	0.01023346796
486	0.9991674866	0.01023320551
487	0.9991674866	0.01023305938
488	0.9991674866	0.01023292983
489	0.9991674866	0.01023267278
490	0.9991674866	0.01023252235
491	0.9991674866	0.01014696384
492	0.9991674866	0.01014660603
493	0.999228033	0.009939612825
494	0.9992885794	0.009837755957
495	0.9992583062	0.009740395534
496	0.9992734428	0.009528497551
497	0.9993642625	0.009434248373
498	0.9993642625	0.009434146085
499	0.9993945357	0.009302801098
500	0.9994248089	0.009272054352
501	0.9994248089	0.009271873326
502	0.9994248089	0.00927181676
503	0.9994248089	0.009271788499
504	0.9994248089	0.00927171581
505	0.9994248089	0.009271565189
506	0.9994248089	0.009271441491
507	0.9994248089	0.00927133226
508	0.9994248089	0.009271257974
509	0.9994248089	0.009270947675
510	0.9994248089	0.009270245646
511	0.9994248089	0.009269970364
512	0.9994248089	0.009269888397
513	0.9994248089	0.009268024591
514	0.9994248089	0.009266541887
515	0.9994550821	0.009080878896
516	0.9994550821	0.009080430635
517	0.9994550821	0.009079992145
518	0.9994550821	0.009079913125
519	0.9994550821	0.00907986998
520	0.9994550821	0.009079679514
521	0.9994550821	0.009079596111
522	0.9994550821	0.00907914472
523	0.9994550821	0.00907899384
524	0.9994550821	0.009078892803
525	0.9994550821	0.009078732718
526	0.9994550821	0.009078525919
527	0.9994550821	0.009078525919
528	0.9994550821	0.009078525919
529	0.9994550821	0.009078525919
530	0.9994550821	0.009078503601
531	0.9994550821	0.009078483384
532	0.9994550821	0.009078301525
533	0.9994550821	0.009078149445
534	0.9994550821	0.00907806999
535	0.9994550821	0.00907792503
536	0.9994550821	0.009077888187
537	0.9994550821	0.009077575491
538	0.9994550821	0.009077482362
539	0.9994702187	0.00900026883
540	0.9994702187	0.009000228697
541	0.9994702187	0.009000050136
542	0.9994702187	0.008999866787
543	0.9994702187	0.008999866787
544	0.9994702187	0.008999866787
545	0.9994702187	0.008999866787
546	0.9994702187	0.008999866787
547	0.9994702187	0.008999818066
548	0.9994702187	0.008999472923
549	0.9994702187	0.008999122917
550	0.9994702187	0.008998959395
551	0.9994702187	0.008998790905
552	0.9994702187	0.008998770774
553	0.9994702187	0.008998729187
554	0.9994702187	0.00899839962
555	0.9994702187	0.008998361054
556	0.9994702187	0.008998284255
557	0.9994702187	0.008998204453
558	0.9994702187	0.008998125184
559	0.9994702187	0.008997811809
560	0.9994702187	0.008997738565
561	0.9994702187	0.008997662384
562	0.9994702187	0.008997511263
563	0.9994702187	0.008997394821
564	0.9994702187	0.008997320276
565	0.9994702187	0.008997246213
566	0.9994702187	0.00899709928
567	0.9994702187	0.00899464702
568	0.9994702187	0.008994506421
569	0.9994702187	0.008994436882
570	0.9994702187	0.008994305382
571	0.9994702187	0.008994237085
572	0.9994702187	0.008993657493
573	0.9994702187	0.008993593465
574	0.9994702187	0.008993454948
575	0.9994702187	0.008993429982
576	0.9994702187	0.008993363869
577	0.9994550821	0.008993092513
578	0.9994550821	0.00899296558
579	0.9994550821	0.008992838703
580	0.9994550821	0.00899277591
581	0.9995004919	0.008896679542
582	0.9995307652	0.008826443681
583	0.9995459018	0.00880899588
584	0.9995459018	0.008808874196
585	0.9995459018	0.008808633269
586	0.9995459018	0.008808574346
587	0.9995459018	0.008808457097
588	0.9995459018	0.008808340792
589	0.9995459018	0.008807885737
590	0.9995459018	0.008807812441
591	0.9995459018	0.008807297013
592	0.9995459018	0.008807104816
593	0.9995459018	0.008806886832
594	0.9995459018	0.008806792294
595	0.9995459018	0.008806699667
596	0.9995459018	0.00871968332
597	0.9995307652	0.008621724138
598	0.9995307652	0.008561485511
599	0.9995307652	0.008561292949
600	0.9995459018	0.008525771125
601	0.999576175	0.008425504489
602	0.999576175	0.0083803413
603	0.999576175	0.008243303837
604	0.999576175	0.008243286632
605	0.999576175	0.008242887523
606	0.999576175	0.008242821514
607	0.999576175	0.008242772179
608	0.999576175	0.008242487665
609	0.999576175	0.008242433635
610	0.999576175	0.008242425949
611	0.999576175	0.00824239563
612	0.999576175	0.008242200878
613	0.999576175	0.0082421384
614	0.999576175	0.008242107358
615	0.999576175	0.008242099664
616	0.999576175	0.008242041649
617	0.999576175	0.008241655868
618	0.999576175	0.008241600503
619	0.999576175	0.008241592617
620	0.999576175	0.008241592617
621	0.9995610384	0.008183888247
622	0.9995610384	0.008124089992
623	0.9995610384	0.008123977471
624	0.9995913116	0.008068541279
625	0.9995913116	0.008068425129
626	0.9995913116	0.008068169107
627	0.9995913116	0.00806810866
628	0.9995913116	0.008068074621
629	0.9995913116	0.008068011283
630	0.9995913116	0.008067952862
631	0.9995913116	0.008067952862
632	0.9995913116	0.008067898036
633	0.9995913116	0.008067675898
634	0.9995913116	0.008067675898
635	0.9995913116	0.008067645217
636	0.9995913116	0.008067161992
637	0.9995913116	0.008067107849
638	0.9995913116	0.008066871288
639	0.9995913116	0.008066871288
640	0.9995913116	0.008066754086
641	0.9995913116	0.008066535708
642	0.9995913116	0.008066478698
643	0.9995913116	0.008066365624
644	0.9995610384	0.008003356915
645	0.9995610384	0.00800289723
646	0.9996215848	0.007854534399
647	0.9996367214	0.007782156434
648	0.9996367214	0.007782124745
649	0.9996669946	0.007697670116
650	0.9996821312	0.007624323757
651	0.9996972678	0.007540677768
652	0.9996972678	0.007540546063
653	0.9996972678	0.00754042121
654	0.9996972678	0.007540412096
655	0.9996972678	0.007540381385
656	0.9996972678	0.007540363283
657	0.9996972678	0.007540290708
658	0.9996972678	0.007540277152
659	0.9996972678	0.007540262061
660	0.9996972678	0.007540246925
661	0.9996972678	0.007540229085
662	0.9996972678	0.007540169236
663	0.9996972678	0.007540161774
664	0.9996972678	0.0075401025
665	0.9996972678	0.007540087723
666	0.9996972678	0.007540028896
667	0.9996972678	0.007540015664
668	0.9996972678	0.007540001083
669	0.9996972678	0.007539885159
670	0.9996972678	0.007539885159
671	0.9996972678	0.007539885159
672	0.9996972678	0.007539878046
673	0.9996972678	0.007539870907
674	0.9996972678	0.007539853812
675	0.9996972678	0.007539836682
676	0.9996972678	0.007539768423
677	0.9996972678	0.007539712412
678	0.9996972678	0.007539656886
679	0.9996972678	0.007539625822
680	0.9996972678	0.007539603474
681	0.9996972678	0.007539574835
682	0.9996972678	0.007539546343
683	0.9996972678	0.007539518836
684	0.9996972678	0.007539502437
685	0.9996972678	0.007539486073
686	0.9996972678	0.007539486073
687	0.9996972678	0.00753947931
688	0.9996972678	0.007539472521
689	0.9996972678	0.007539445414
690	0.9996972678	0.007539431681
691	0.9996972678	0.007539431681
692	0.9996972678	0.007539404861
693	0.9996972678	0.007539340391
694	0.9996972678	0.007539284565
695	0.9996972678	0.007539273183
696	0.9996972678	0.007539259247
697	0.9996972678	0.007539203683
698	0.9996972678	0.007539190043
699	0.9996972678	0.007539178934
700	0.9996972678	0.007539165645
701	0.9996972678	0.007539139494
702	0.9996972678	0.007539126452
703	0.9996972678	0.007539100574
704	0.9996972678	0.007539069466
705	0.9996972678	0.007539056343
706	0.9996972678	0.007539043244
707	0.9996972678	0.007539016536
708	0.9996972678	0.007538985492
709	0.9996972678	0.007538954547
710	0.9996972678	0.007538941816
711	0.9996972678	0.007538941816
712	0.9996972678	0.007538891206
713	0.9996972678	0.007538883703
714	0.9996972678	0.007538883703
715	0.9996972678	0.007538833535
716	0.9996972678	0.007538833535
717	0.9996972678	0.007538783758
718	0.9996972678	0.007538733001
719	0.9996972678	0.007538673207
720	0.9996972678	0.007538622003
721	0.9996972678	0.007538622003
722	0.9996972678	0.007538609848
723	0.9996972678	0.007538508242
724	0.9996972678	0.007538484513
725	0.9996972678	0.007538459137
726	0.9996972678	0.00753843512
727	0.9996972678	0.007538411073
728	0.9996972678	0.007538411073
729	0.9996972678	0.007538363589
730	0.9996972678	0.007538358902
731	0.9996972678	0.007538311573
732	0.9996972678	0.007538273193
733	0.9996972678	0.00753826081
734	0.9996972678	0.007538246528
735	0.9996972678	0.007538151541
736	0.9996972678	0.007538096986
737	0.9996972678	0.007538040979
738	0.9996972678	0.007538013296
739	0.9996972678	0.007538001282
740	0.9996972678	0.007537945639
741	0.9996972678	0.00753792771
742	0.9996972678	0.007537922056
743	0.9996972678	0.007537910331
744	0.9996972678	0.007537904609
745	0.9996972678	0.007537893335
746	0.9996972678	0.007537887485
747	0.9996972678	0.00753786025
748	0.9996972678	0.007537846541
749	0.9996972678	0.007537832855
750	0.9996972678	0.007537819139
751	0.9996972678	0.007537819139
752	0.9996972678	0.00753780803
753	0.9996972678	0.007537753595
754	0.9996972678	0.007537699518
755	0.9996972678	0.007537645839
756	0.9996972678	0.007537645839
757	0.9996972678	0.007537623065
758	0.9996972678	0.00753756985
759	0.9996972678	0.007537520837
760	0.9996972678	0.007537498772
761	0.9996972678	0.007537476768
762	0.9996972678	0.007537450539
763	0.9996972678	0.007537424376
764	0.9996972678	0.007537418785
765	0.9996972678	0.007537328042
766	0.9996972678	0.007537285471
767	0.9996972678	0.007537243285
768	0.9996972678	0.007537222211
769	0.9996972678	0.007537180207
770	0.9996972678	0.007537174094
771	0.9996972678	0.007537123408
772	0.9996972678	0.007537029296
773	0.9996972678	0.007537012904
774	0.9996972678	0.00753700017
775	0.9996972678	0.007536989761
776	0.9996972678	0.007536935577
777	0.9996972678	0.007536886116
778	0.9996972678	0.007536864544
779	0.9996972678	0.007536843033
780	0.9996972678	0.007536832709
781	0.9996972678	0.007536826387
782	0.9996972678	0.007536804724
783	0.9996972678	0.007536798442
784	0.9996972678	0.007536798442
785	0.9996972678	0.007536785538
786	0.9996972678	0.007536785538
787	0.9996972678	0.007536768168
788	0.9996972678	0.007536768168
789	0.9996972678	0.007536727694
790	0.9996972678	0.007536715148
791	0.9996972678	0.007536709838
792	0.9996972678	0.007536684813
793	0.9996972678	0.007536679818
794	0.9996972678	0.007536669198
795	0.9996972678	0.007536604463
796	0.9996972678	0.007536598134
797	0.9996972678	0.007536587554
798	0.9996972678	0.007536587554
799	0.9996972678	0.007536582518
800	0.9996972678	0.007536576347
801	0.9996972678	0.007536555128
802	0.9996972678	0.007536555128
803	0.9996972678	0.007536534235
804	0.9996972678	0.007536530037
805	0.9996972678	0.007536508971
806	0.9996972678	0.007536508971
807	0.9996972678	0.007536490385
808	0.9996972678	0.007536478099
809	0.9996972678	0.007536457133
810	0.9996972678	0.007536408402
811	0.9996972678	0.007536360065
812	0.9996972678	0.007536339728
813	0.9996972678	0.007536334871
814	0.9996972678	0.007536314257
815	0.9996972678	0.0075362943
816	0.9996972678	0.007536282332
817	0.9996972678	0.007536262452
818	0.9996972678	0.007536252334
819	0.9996972678	0.007536204575
820	0.9996972678	0.007536194499
821	0.9996972678	0.007536184459
822	0.9996972678	0.007536164776
823	0.9996972678	0.007536154751
824	0.9996972678	0.007536134782
825	0.9996972678	0.007536114865
826	0.9996972678	0.007536068308
827	0.9996972678	0.007536063551
828	0.9996972678	0.007536022989
829	0.9996972678	0.007536022989
830	0.9996972678	0.007535906381
831	0.9996972678	0.007535831005
832	0.9996972678	0.007535811898
833	0.9996972678	0.007489755735
834	0.9996972678	0.007488130484
835	0.9996972678	0.007488124083
836	0.9996972678	0.007488113095
837	0.9996972678	0.007488028408
838	0.9996972678	0.007488007725
839	0.9996972678	0.007487966059
840	0.9996972678	0.007487941902
841	0.9996972678	0.00748791785
842	0.9996972678	0.007487898072
843	0.9996972678	0.007487873816
844	0.9996972678	0.007487849898
845	0.9996972678	0.007487839963
846	0.9996972678	0.007487830106
847	0.9996972678	0.007487819943
848	0.9996972678	0.007487779391
849	0.9996972678	0.007487739118
850	0.9996972678	0.007487734363
851	0.9996972678	0.007487713351
852	0.9996972678	0.007487708631
853	0.9996972678	0.007487615372
854	0.9996972678	0.007487527451
855	0.9996972678	0.007487505774
856	0.9996972678	0.007487494465
857	0.9996972678	0.007487483121
858	0.9996972678	0.007487483121
859	0.9996972678	0.007487466621
860	0.9996972678	0.007487446191
861	0.9996972678	0.007487427145
862	0.9996972678	0.007487422332
863	0.9996972678	0.007487381977
864	0.9996972678	0.007487337385
865	0.9996972678	0.007487299355
866	0.9996972678	0.007487280565
867	0.9996972678	0.007487258555
868	0.9996972678	0.007487236788
869	0.9996972678	0.007487236788
870	0.9996972678	0.007487233295
871	0.9996972678	0.007487213509
872	0.9996972678	0.007487204061
873	0.9996972678	0.007487182199
874	0.9996972678	0.007487160563
875	0.9996972678	0.007487138836
876	0.9996972678	0.007487117169
877	0.9996972678	0.007486811239
878	0.9996972678	0.007486775046
879	0.9996972678	0.007486703156
880	0.9996972678	0.007486559624
881	0.9996821312	0.007484950444
882	0.9996821312	0.007484911586
883	0.9996821312	0.00748486968
884	0.9996821312	0.007484859218
885	0.9996821312	0.007484841816
886	0.9996821312	0.007484826749
887	0.9996821312	0.007484809542
888	0.9996821312	0.007484799141
889	0.9996821312	0.007484788756
890	0.9996821312	0.007484778386
891	0.9996821312	0.007484761121
892	0.9996821312	0.007484743428
893	0.9996821312	0.007484732945
894	0.9997275411	0.007366086302
895	0.9997275411	0.007365992522
896	0.9997275411	0.007365986743
897	0.9997275411	0.007365897966
898	0.9997275411	0.007365855358
899	0.9997275411	0.007365773388
900	0.9997275411	0.007365694114
901	0.9997275411	0.007365675133
902	0.9997275411	0.007365638357
903	0.9997275411	0.007365633572
904	0.9997275411	0.007365578929
905	0.9997275411	0.007365574451
906	0.9997275411	0.007365555957
907	0.9997275411	0.007365485998
908	0.9997578143	0.007249360469
909	0.9997578143	0.007249322721
910	0.9997578143	0.007249143087
911	0.9997578143	0.007249123934
912	0.9997578143	0.007248975545
913	0.9997578143	0.007248900954
914	0.9997578143	0.007248864383
915	0.9997578143	0.007248827666
916	0.9997578143	0.007248757502
917	0.9997578143	0.007248469552
918	0.9997578143	0.007248380277
919	0.9997578143	0.007248371615
920	0.9997578143	0.007248335752
921	0.9997578143	0.007248044907
922	0.9997578143	0.007247953591
923	0.9997578143	0.007111635031
924	0.9997578143	0.007111453901
925	0.9997729509	0.007107308586
926	0.9998032241	0.007079929374
927	0.9998032241	0.007079436837
928	0.9998032241	0.007079436837
929	0.9998032241	0.007079436837
930	0.9998032241	0.007079397807
931	0.9998032241	0.007002598479
932	0.9998032241	0.007002598479
933	0.9998032241	0.007002589836
934	0.9998032241	0.007002589836
935	0.9998032241	0.007002562866
936	0.9998032241	0.007002532612
937	0.9998032241	0.007002501528
938	0.9998032241	0.007002434147
939	0.9998032241	0.007002416
940	0.9998032241	0.007002340406
941	0.9998032241	0.007002324308
942	0.9998032241	0.007002306387
943	0.9998032241	0.007002290893
944	0.9998032241	0.007002275279
945	0.9998032241	0.007002244135
946	0.9998032241	0.007002225546
947	0.9998032241	0.007002188519
948	0.9998032241	0.007002173617
949	0.9998032241	0.007002143086
950	0.9998032241	0.007002072946
951	0.9998032241	0.007002012513
952	0.9998032241	0.007001977903
953	0.9998032241	0.0070019703
954	0.9998032241	0.007001939218
955	0.9998032241	0.007001931788
956	0.9998032241	0.007001900853
957	0.9998032241	0.007001843023
958	0.9998032241	0.007001834107
959	0.9998032241	0.007001800958
960	0.9998032241	0.007001800958
961	0.9998032241	0.007001767965
962	0.9998032241	0.007001709023
963	0.9998032241	0.007001709023
964	0.9998032241	0.007001678885
965	0.9998032241	0.007001620459
966	0.9998032241	0.007001611708
967	0.9998032241	0.007001604316
968	0.9998032241	0.00700157547
969	0.9998032241	0.007001542412
970	0.9998032241	0.007001513059
971	0.9998032241	0.007001484453
972	0.9998032241	0.007001427699
973	0.9998032241	0.007001413501
974	0.9998032241	0.007001399383
975	0.9998032241	0.007001385423
976	0.9998032241	0.007001376923
977	0.9998032241	0.007001317173
978	0.9998032241	0.007001303155
979	0.9998032241	0.007001289201
980	0.9998032241	0.007001275068
981	0.9998032241	0.007001266627
982	0.9998032241	0.007001266627
983	0.9998032241	0.007001252066
984	0.9998032241	0.007001237992
985	0.9998032241	0.007001224098
986	0.9998032241	0.007001196484
987	0.9998032241	0.007001189509
988	0.9998032241	0.007001172756
989	0.9998032241	0.007001159348
990	0.9998032241	0.00700113189
991	0.9998032241	0.007001065436
992	0.9998032241	0.007001051694
993	0.9998032241	0.007001044464
994	0.9998032241	0.007001030619
995	0.9998032241	0.007000975429
996	0.9998032241	0.007000963337
997	0.9998032241	0.007000930726
998	0.9998032241	0.007000904068
999	0.9998032241	0.007000880603
1000	0.9998032241	0.007000854121
1001	0.9998032241	0.007000789924
1002	0.9998032241	0.007000736303
1003	0.9998032241	0.007000729714
1004	0.9998032241	0.007000716005
1005	0.9998032241	0.007000709528
1006	0.9998032241	0.00700065662
1007	0.9998032241	0.007000640862
1008	0.9998032241	0.007000615209
1009	0.9998032241	0.007000608918
1010	0.9998032241	0.007000602353
1011	0.9998032241	0.007000572972
1012	0.9998032241	0.007000543141
1013	0.9998032241	0.007000497319
1014	0.9998032241	0.007000497319
1015	0.9998032241	0.007000454639
1016	0.9998032241	0.007000448469
1017	0.9998032241	0.007000422722
1018	0.9998032241	0.007000397534
1019	0.9998032241	0.007000374324
1020	0.9998032241	0.00700032952
1021	0.9998032241	0.007000305173
1022	0.9998032241	0.007000294132
1023	0.9998032241	0.007000263732
1024	0.9998032241	0.007000240938
1025	0.9998032241	0.00700022848
1026	0.9998032241	0.00700021607
1027	0.9998032241	0.00700021607
1028	0.9998032241	0.007000198356
1029	0.9998032241	0.007000175641
1030	0.9998032241	0.007000163438
1031	0.9998032241	0.007000163438
1032	0.9998032241	0.007000163438
1033	0.9998032241	0.007000134359
1034	0.9998032241	0.007000121993
1035	0.9998032241	0.00700010959
1036	0.9998032241	0.007000095336
1037	0.9998032241	0.007000083225
1038	0.9998032241	0.007000070791
1039	0.9998032241	0.007000058717
1040	0.9998032241	0.007000029091
1041	0.9998032241	0.007000001745
1042	0.9998032241	0.007000001745
1043	0.9998032241	0.00699996676
1044	0.9998032241	0.006999938719
1045	0.9998032241	0.006999916442
1046	0.9998032241	0.006999916442
1047	0.9998032241	0.006999916442
1048	0.9998032241	0.006999906681
1049	0.9998032241	0.006999848268
1050	0.9998032241	0.006999801615
1051	0.9998032241	0.006999801615
1052	0.9998032241	0.006999680142
1053	0.9998032241	0.006999638126
1054	0.9998032241	0.006999638126
1055	0.9998032241	0.006999611133
1056	0.9998032241	0.006999564712
1057	0.9998032241	0.006999553098
1058	0.9998032241	0.006999496058
1059	0.9998032241	0.0069994907
1060	0.9998032241	0.006999479328
1061	0.9998032241	0.006999468699
1062	0.9998032241	0.006999422947
1063	0.9998032241	0.006999371214
1064	0.9998032241	0.006999365549
1065	0.9998032241	0.006999353027
1066	0.9998032241	0.006999303771
1067	0.9998032241	0.006999250662
1068	0.9998032241	0.00699922757
1069	0.9998032241	0.006999064277
1070	0.9998032241	0.006999058519
1071	0.9998032241	0.00699899963
1072	0.9997729509	0.006948211384
1073	0.9997729509	0.006947981874
1074	0.9997729509	0.00694786924
1075	0.9997729509	0.006947619714
1076	0.9997578143	0.006884823791
1077	0.9997578143	0.006884677936
1078	0.9998032241	0.006790632953
1079	0.9997880875	0.006692140096
1080	0.9997880875	0.006692080718
1081	0.9997880875	0.006692039459
1082	0.9997880875	0.006692016988
1083	0.9997880875	0.006691976918
1084	0.9997880875	0.006691902411
1085	0.9998032241	0.006639321206
1086	0.9998032241	0.006639306676
1087	0.9998032241	0.006639271984
1088	0.9998032241	0.006639244843
1089	0.9998032241	0.006639219086
1090	0.9998032241	0.006639204928
1091	0.9998032241	0.006639152351
1092	0.9998032241	0.006639128566
1093	0.9998032241	0.006639084483
1094	0.9998032241	0.00663906262
1095	0.9998032241	0.006639049068
1096	0.9998032241	0.006639025747
1097	0.9998032241	0.006639003065
1098	0.9998032241	0.006638958002
1099	0.9998032241	0.006583440839
1100	0.9998486339	0.0065171464
1101	0.9998486339	0.00651691373
1102	0.9998486339	0.006516551053
1103	0.9998486339	0.006516322922
1104	0.9998334973	0.006473461163
1105	0.9998334973	0.006473146624
1106	0.9998334973	0.006472837326
1107	0.9998334973	0.006470119979
1108	0.9998789071	0.006378355215
1109	0.9998789071	0.006378303384
1110	0.9998789071	0.006361069468
1111	0.9998789071	0.006321341758
1112	0.9998940437	0.006225846136
1113	0.9998940437	0.006225846136
1114	0.9998940437	0.006225846136
1115	0.9998789071	0.006178849225
1116	0.9998940437	0.006094127556
1117	0.9998940437	0.006094033994
1118	0.9998940437	0.006094029559
1119	0.9999091804	0.006027087854
1120	0.9999697268	0.005912426471
1121	0.9999545902	0.005824902305
1122	0.9999545902	0.005749725753
1123	0.9999545902	0.005749725753
1124	0.9999545902	0.005749693673
1125	0.9999545902	0.005749686959
1126	0.9999545902	0.005749673879
1127	0.9999545902	0.005749659879
1128	0.9999545902	0.005749556811
1129	0.9999545902	0.005749352278
1130	0.9999545902	0.005749325604
1131	0.9999545902	0.005749278692
1132	0.9999545902	0.005749141508
1133	0.9999545902	0.005749091283
1134	0.9999545902	0.005749025013
1135	0.9999545902	0.005748921322
1136	0.9999545902	0.0057488973
1137	0.9999545902	0.005748760874
1138	0.9999545902	0.005748744434
1139	0.9999545902	0.005748650722
1140	0.9999545902	0.005748596811
1141	0.9999545902	0.005748581721
1142	0.9999545902	0.005748485898
1143	0.9999545902	0.005748419747
1144	0.9999545902	0.005748390847
1145	0.9999545902	0.005748292481
1146	0.9999545902	0.005748179798
1147	0.9999545902	0.005748155317
1148	0.9999545902	0.005748061595
1149	0.9999545902	0.005747870502
1150	0.9999545902	0.005747841873
1151	0.9999545902	0.005747762036
1152	0.9999545902	0.005747658923
1153	0.9999545902	0.005747469686
1154	0.9999545902	0.005747282327
1155	0.9999545902	0.005747277858
1156	0.9999545902	0.005747154283
1157	0.9999545902	0.005747089253
1158	0.9999545902	0.005734510517
1159	0.9999545902	0.005734460842
1160	0.9999545902	0.00573433008
1161	0.9999545902	0.005734174388
1162	0.9999545902	0.005734127546
1163	0.9999545902	0.005733684032
1164	0.9999545902	0.005733618271
1165	0.9999545902	0.005733597666
1166	0.9999545902	0.005733565213
1167	0.9999545902	0.005733553056
1168	0.9999545902	0.005733438916
1169	0.9999545902	0.005733427981
1170	0.9999545902	0.005733422786
1171	0.9999545902	0.005733108191
1172	0.9999545902	0.005733101311
1173	0.9999545902	0.005733074299
1174	0.9999545902	0.005733033615
1175	0.9999545902	0.00573288887
1176	0.9999545902	0.005732875097
1177	0.9999545902	0.005732864308
1178	0.9999545902	0.005732860067
1179	0.9999545902	0.005732819462
1180	0.9999545902	0.005732781923
1181	0.9999545902	0.005732721525
1182	0.9999545902	0.005732698295
1183	0.9999545902	0.005732688549
1184	0.9999545902	0.005732353625
1185	0.9999545902	0.005696873929
1186	0.9999545902	0.005696836454
1187	0.9999545902	0.005696705644
1188	0.9999545902	0.005696575775
1189	0.9999545902	0.005696503761
1190	0.9999545902	0.005696473503
1191	0.9999545902	0.005696442122
1192	0.9999545902	0.005696412948
1193	0.9999545902	0.005696374285
1194	0.9999545902	0.0056963413
1195	0.9999545902	0.005696263328
1196	0.9999545902	0.005696217874
1197	0.9999545902	0.005696217874
1198	0.9999545902	0.005696161224
1199	0.9999545902	0.005695996678
1200	0.9999545902	0.005695961794
1201	0.9999545902	0.005695846105
1202	0.9999545902	0.005695702209
1203	0.9999545902	0.005695643371
1204	0.9999545902	0.00569555523
1205	0.9999697268	0.005647328384
1206	0.9999697268	0.005647308746
1207	0.9999545902	0.00555543549
1208	0.9999545902	0.005555364555
1209	0.9999545902	0.005555293177
1210	0.9999545902	0.005555257348
1211	0.9999545902	0.005555205087
1212	0.9999545902	0.005555178751
1213	0.9999545902	0.005555178751
1214	0.9999545902	0.005555161751
1215	0.9999545902	0.005555137356
1216	0.9999545902	0.005555102946
1217	0.9999545902	0.005555069404
1218	0.9999545902	0.005555002151
1219	0.9999545902	0.005554997413
1220	0.9999545902	0.005554964741
1221	0.9999545902	0.005554891194
1222	0.9999545902	0.005554881373
1223	0.9999545902	0.005554876529
1224	0.9999545902	0.005554858681
1225	0.9999545902	0.005554846974
1226	0.9999545902	0.005554837445
1227	0.9999545902	0.005554837445
1228	0.9999545902	0.005554804524
1229	0.9999545902	0.005554780541
1230	0.9999545902	0.005554757106
1231	0.9999545902	0.005554740145
1232	0.9999545902	0.005554740145
1233	0.9999545902	0.005554740145
1234	0.9999545902	0.005554740145
1235	0.9999545902	0.00555460214
1236	0.9999545902	0.005554536103
1237	0.9999545902	0.005554524299
1238	0.9999545902	0.005554460397
1239	0.9999545902	0.005554447607
1240	0.9999545902	0.005554424347
1241	0.9999545902	0.005554295865
1242	0.9999545902	0.005554093959
1243	0.9999545902	0.005554061495
1244	0.9999545902	0.005554057417
1245	0.9999545902	0.005554035164
1246	0.9999545902	0.005553987946
1247	0.9999545902	0.005553926738
1248	0.9999545902	0.005553899203
1249	0.9999545902	0.005553876123
1250	0.9999545902	0.005553753313
1251	0.9999545902	0.005553747981
1252	0.9999545902	0.00555363521
1253	0.9999545902	0.005553604103
1254	0.9999545902	0.005553589039
1255	0.9999545902	0.005553567993
1256	0.9999545902	0.005553559888
1257	0.9999545902	0.005553517984
1258	0.9999545902	0.005553514189
1259	0.9999545902	0.005553508742
1260	0.9999545902	0.005553499466
1261	0.9999545902	0.00555348341
1262	0.9999545902	0.005553468239
1263	0.9999545902	0.005553393461
1264	0.9999545902	0.005553389625
1265	0.9999545902	0.005553384509
1266	0.9999545902	0.005553362912
1267	0.9999545902	0.005553358398
1268	0.9999545902	0.005553327415
1269	0.9999545902	0.005553316408
1270	0.9999545902	0.005553282441
1271	0.9999545902	0.005553260772
1272	0.9999545902	0.005553201183
1273	0.9999545902	0.005553185947
1274	0.9999697268	0.005502615776
1275	0.9999697268	0.005502543553
1276	0.9999697268	0.005502501301
1277	0.9999697268	0.005502465092
1278	0.9999697268	0.005502201796
1279	0.9999697268	0.005502177337
1280	0.9999697268	0.005502172487
1281	0.9999697268	0.005502107256
1282	0.9999697268	0.005502054015
1283	0.9999697268	0.005502034263
1284	0.9999697268	0.005501978698
1285	0.9999697268	0.005501758494
1286	0.9999697268	0.00550172484
1287	0.9999697268	0.00550172484
1288	0.9999697268	0.005501711671
1289	0.9999697268	0.005501679019
1290	0.9999697268	0.005501667653
1291	0.9999697268	0.005501646617
1292	0.9999697268	0.005501641963
1293	0.9999697268	0.005501630198
1294	0.9999697268	0.005501615793
1295	0.9999697268	0.005501597925
1296	0.9999697268	0.005501585993
1297	0.9999697268	0.005501572449
1298	0.9999697268	0.005501546268
1299	0.9999697268	0.005501528849
1300	0.9999697268	0.005501442418
1301	0.9999697268	0.00550143204
1302	0.9999697268	0.005501427655
1303	0.9999697268	0.005501419656
1304	0.9999697268	0.005501399668
1305	0.9999697268	0.005501394935
1306	0.9999697268	0.005501386026
1307	0.9999697268	0.00550133587
1308	0.9999697268	0.005501324864
1309	0.9999697268	0.005501292186
1310	0.9999697268	0.005501257562
1311	0.9999697268	0.005501127916
1312	0.9999697268	0.005500911742
1313	0.9999697268	0.005500697741
1314	0.9999697268	0.005500683898
1315	0.9999697268	0.005500683898
1316	0.9999697268	0.005500651186
1317	0.9999697268	0.005500641161
1318	0.9999697268	0.005500598094
1319	0.9999697268	0.005500598094
1320	0.9999697268	0.005500495145
1321	0.9999697268	0.005500495145
1322	0.9999697268	0.005500486662
1323	0.9999697268	0.005500461345
1324	0.9999697268	0.005500446911
1325	0.9999697268	0.005500440581
1326	0.9999697268	0.005500427464
1327	0.9999697268	0.005500365884
1328	0.9999697268	0.005500339885
1329	0.9999697268	0.005500302373
1330	0.9999697268	0.005500271934
1331	0.9999697268	0.005500251871
1332	0.9999697268	0.005500235198
1333	0.9999697268	0.005500222994
1334	0.9999697268	0.005500203118
1335	0.9999697268	0.005500068827
1336	0.9999697268	0.00550001621
1337	0.9999697268	0.005499963775
1338	0.9999697268	0.00549991152
1339	0.9999697268	0.005499576614
1340	0.9999697268	0.005499561701
1341	0.9999697268	0.005499542118
1342	0.9999697268	0.005499500042
1343	0.9999697268	0.005499438908
1344	0.9999697268	0.005499396761
1345	0.9999697268	0.005499345239
1346	0.9999697268	0.00549930812
1347	0.9999697268	0.005499275301
1348	0.9999697268	0.005499258169
1349	0.9999697268	0.005499244616
1350	0.9999697268	0.00549922765
1351	0.9999697268	0.005499209285
1352	0.9999697268	0.005499183056
1353	0.9999697268	0.005499166939
1354	0.9999697268	0.005498759185
1355	0.9999697268	0.005498759185
1356	0.9999697268	0.005498755172
1357	0.9999697268	0.005498690646
1358	0.9999697268	0.005498683322
1359	0.9999697268	0.005498613594
1360	0.9999697268	0.005498409358
1361	0.9999697268	0.005498392766
1362	0.9999697268	0.0054983635
1363	0.9999697268	0.005498298551
1364	0.9999697268	0.005498291508
1365	0.9999697268	0.005498213281
1366	0.9999697268	0.005498203651
1367	0.9999697268	0.005498047792
1368	0.9999697268	0.00549804031
1369	0.9999697268	0.00549802381
1370	0.9999697268	0.005498017236
1371	0.9999697268	0.005497953762
1372	0.9999697268	0.005497934696
1373	0.9999697268	0.005497743124
1374	0.9999697268	0.005497707379
1375	0.9999697268	0.005497536567
1376	0.9999697268	0.005497528745
1377	0.9999697268	0.005497518495
1378	0.9999697268	0.005497489123
1379	0.9999697268	0.005497463494
1380	0.9999697268	0.005497447478
1381	0.9999697268	0.005497388305
1382	0.9999697268	0.005497372988
1383	0.9999697268	0.00549736891
1384	0.9999697268	0.00549726244
1385	0.9999697268	0.005493774253
1386	0.9999697268	0.00549370591
1387	0.9999697268	0.005493608915
1388	0.9999697268	0.005493574983
1389	0.9999697268	0.005493523613
1390	0.9999697268	0.005493472823
1391	0.9999697268	0.00549345821
1392	0.9999697268	0.005493376775
1393	0.9999697268	0.005493217573
1394	0.9999697268	0.005493059379
1395	0.9999697268	0.005492964206
1396	0.9999697268	0.005492964206
1397	0.9999697268	0.005492948495
1398	0.9999697268	0.00549293091
1399	0.9999697268	0.00549293091
1400	0.9999697268	0.005492926658
1401	0.9999697268	0.005492888777
1402	0.9999697268	0.005492872115
1403	0.9999697268	0.005492864064
1404	0.9999697268	0.005492752556
1405	0.9999697268	0.005492713409
1406	0.9999697268	0.00549270704
1407	0.9999697268	0.005492680666
1408	0.9999697268	0.005492517386
1409	0.9999697268	0.005492509262
1410	0.9999697268	0.005492454194
1411	0.9999697268	0.005492439356
1412	0.9999697268	0.0054924009
1413	0.9999697268	0.005492291948
1414	0.9999697268	0.005492258837
1415	0.9999848634	0.005435550074
1416	0.9999848634	0.005435529122
1417	0.9999848634	0.005435502619
1418	0.9999848634	0.005435476555
1419	0.9999848634	0.005435295417
1420	0.9999848634	0.005435123908
1421	0.9999848634	0.005435073063
1422	0.9999848634	0.005385345753
1423	0.9999848634	0.005385329626
1424	0.9999848634	0.005385200047
1425	0.9999848634	0.005385200047
1426	0.9999848634	0.005385182642
1427	0.9999848634	0.005384960022
1428	0.9999848634	0.00538481445
1429	0.9999848634	0.00538475671
1430	0.9999848634	0.005384707489
1431	0.9999848634	0.00538466753
1432	0.9999848634	0.005384658105
1433	0.9999848634	0.005384529242
1434	0.9999848634	0.005384460422
1435	0.9999848634	0.005384412818
1436	0.9999848634	0.005384393458
1437	0.9999848634	0.005384374144
1438	0.9999848634	0.005384243446
1439	0.9999848634	0.005384224519
1440	0.9999848634	0.005384149025
1441	0.9999848634	0.005384111598
1442	0.9999848634	0.005384073049
1443	0.9999848634	0.005384023903
1444	0.9999848634	0.005383985543
1445	0.9999848634	0.005383985543
1446	0.9999848634	0.005383933147
1447	0.9999848634	0.005383807878
1448	0.9999848634	0.005383541658
1449	0.9999848634	0.005383395986
1450	0.9999848634	0.005383141943
1451	0.9999848634	0.005383087572
1452	0.9999848634	0.005383013208
1453	0.9999848634	0.005382977902
1454	0.9999848634	0.005382930642
1455	0.9999848634	0.005382858042
1456	0.9999848634	0.005382840025
1457	0.9999848634	0.005382738435
1458	0.9999848634	0.005382447178
1459	0.9999848634	0.00538241142
1460	0.9999848634	0.005382403916
1461	0.9999848634	0.005382275742
1462	0.9999848634	0.005382232614
1463	0.9999848634	0.005382197935
1464	0.9999697268	0.00533215108
1465	0.9999697268	0.005332015826
1466	0.9999697268	0.005331924331
1467	0.9999697268	0.005331801403
1468	0.9999697268	0.005331667394
1469	0.9999697268	0.005331437491
1470	0.9999697268	0.005331304329
1471	0.9999697268	0.005331271685
1472	0.9999697268	0.005331137547
1473	0.9999697268	0.005331080885
1474	0.9999697268	0.005331046937
1475	0.9999697268	0.005330980223
1476	0.9999697268	0.005330857762
1477	0.9999697268	0.005330832528
1478	0.9999697268	0.005330799694
1479	0.9999697268	0.005330783367
1480	0.9999697268	0.0053307213
1481	0.9999697268	0.005330655123
1482	0.9999697268	0.005330625709
1483	0.9999697268	0.005330534437
1484	0.9999697268	0.005330511391
1485	0.9999697268	0.005330420434
1486	0.9999697268	0.005330408945
1487	0.9999848634	0.005253350532
1488	0.9999848634	0.005253293942
1489	0.9999848634	0.005253237554
1490	0.9999848634	0.00520984376
1491	0.9999848634	0.005209789819
1492	0.9999848634	0.005209761604
1493	0.9999848634	0.005209705495
1494	0.9999848634	0.005209677508
1495	0.9999848634	0.005209565825
1496	0.9999848634	0.005209343973
1497	0.9999848634	0.005209276971
1498	0.9999848634	0.005209210181
1499	0.9999848634	0.005209155428
1500	0.9999848634	0.005209046289
1501	0.9999848634	0.005208991975
1502	0.9999848634	0.005208937806
1503	0.9999848634	0.005208883782
1504	0.9999848634	0.005208850812
1505	0.9999848634	0.005208817893
1506	0.9999848634	0.005208785026
1507	0.9999848634	0.005208719419
1508	0.9999848634	0.00520866581
1509	0.9999848634	0.005208612344
1510	0.9999848634	0.005208585673
1511	0.9999848634	0.005208559038
1512	0.9999848634	0.005208505855
1513	0.9999848634	0.005208505855
1514	0.9999848634	0.005208256191
1515	0.9999848634	0.005208150981
1516	0.9999848634	0.005208150981
1517	0.9999848634	0.005208023099
1518	0.9999848634	0.005207757852
1519	0.9999848634	0.005207653983
1520	0.9999848634	0.005207393745
1521	0.9999848634	0.005207268051
1522	0.9999848634	0.005207145741
1523	0.9999848634	0.005207043568
1524	0.9999848634	0.005206941925
1525	0.9999848634	0.005206891333
1526	0.9999848634	0.005206790477
1527	0.9999848634	0.005206729021
1528	0.9999848634	0.005206528993
1529	0.9999848634	0.00520646811
1530	0.9999848634	0.00520636918
1531	0.9999848634	0.005206132684
1532	0.9999848634	0.005206034971
1533	0.9999848634	0.005206025258
1534	0.9999848634	0.00520589874
1535	0.9999848634	0.005205874458
1536	0.9999848634	0.005205814999
1537	0.9999848634	0.005205696537
1538	0.9999848634	0.005205600165
1539	0.9999848634	0.005205504279
1540	0.9999848634	0.005205474984
1541	0.9999848634	0.005205284593
1542	0.9999848634	0.005205096104
1543	0.9999848634	0.005205049361
1544	0.9999848634	0.005204993572
1545	0.9999848634	0.005204946961
1546	0.9999848634	0.005204900466
1547	0.9999848634	0.005204844153
1548	0.9999848634	0.0052047296
1549	0.9999848634	0.0052047296
1550	0.9999848634	0.005204627258
1551	0.9999848634	0.005204513452
1552	0.9999848634	0.005204467242
1553	0.9999848634	0.005204411862
1554	0.9999848634	0.005204355496
1555	0.9999848634	0.005204173159
1556	0.9999848634	0.00520415054
1557	0.9999848634	0.005203970203
1558	0.9999848634	0.005203753075
1559	0.9999848634	0.005203664268
1560	0.9999848634	0.005203609535
1561	0.9999848634	0.005203502692
1562	0.9999848634	0.005203448423
1563	0.9999848634	0.005203360638
1564	0.9999848634	0.00520331693
1565	0.9999848634	0.005203263048
1566	0.9999848634	0.005203068599
1567	0.9999848634	0.005202981707
1568	0.9999848634	0.005202951583
1569	0.9999848634	0.005202908335
1570	0.9999848634	0.00520286519
1571	0.9999848634	0.005202822147
1572	0.9999848634	0.005202715702
1573	0.9999848634	0.005202476496
1574	0.9999848634	0.005202391211
1575	0.9999848634	0.005202221648
1576	0.9999848634	0.005202195467
1577	0.9999848634	0.005202040633
1578	0.9999848634	0.005201915661
1579	0.9999848634	0.005201799767
1580	0.9999848634	0.005201754835
1581	0.9999848634	0.005201754599
1582	0.9999848634	0.005201350291
1583	0.9999848634	0.005201299592
1584	0.9999848634	0.00520127995
1585	0.9999848634	0.005201197635
1586	0.9999848634	0.005201000597
1587	0.9999848634	0.005200914096
1588	0.9999848634	0.005200893717
1589	0.9999848634	0.005200852729
1590	0.9999848634	0.005200690592
1591	0.9999848634	0.00520067047
1592	0.9999848634	0.005200441281
1593	0.9999848634	0.005200421238
1594	0.9999848634	0.005200309258
1595	0.9999848634	0.005200151718
1596	0.9999848634	0.005200055678
1597	0.9999848634	0.005199896639
1598	0.9999848634	0.005199876901
1599	0.9999848634	0.005199687205
1600	0.9999848634	0.005199640208
1601	0.9999848634	0.005199593343
1602	0.9999848634	0.005199480781
1603	0.9999848634	0.005199420706
1604	0.9999848634	0.005199374012
1605	0.9999848634	0.005199334743
1606	0.9999848634	0.005199295855
1607	0.9999848634	0.005199265167
1608	0.9999848634	0.005199234151
1609	0.9999848634	0.005199187744
1610	0.9999848634	0.005199095252
1611	0.9999848634	0.005199018123
1612	0.9999848634	0.005199004222
1613	0.9999848634	0.005198973512
1614	0.9999848634	0.005198936619
1615	0.9999848634	0.005198889691
1616	0.9999848634	0.005198702885
1617	0.9999848634	0.005198675191
1618	0.9999848634	0.005198569574
1619	0.9999848634	0.005198479087
1620	0.9999848634	0.005198440513
1621	0.9999848634	0.00519813785
1622	0.9999848634	0.005134541681
1623	0.9999848634	0.005134513393
1624	0.9999848634	0.005134188698
1625	0.9999848634	0.005134030084
1626	0.9999848634	0.005133877586
1627	0.9999848634	0.0051338008
1628	0.9999848634	0.005133724518
1629	0.9999848634	0.005133400577
1630	0.9999848634	0.005133255981
1631	0.9999848634	0.005133109247
1632	0.9999848634	0.005132538829
1633	0.9999848634	0.005132525371
1634	0.9999848634	0.005132390612
1635	0.9999848634	0.005132095308
1636	0.9999848634	0.005132088868
1637	0.9999848634	0.005132087165
1638	0.9999848634	0.005132081724
1639	0.9999848634	0.00513204044
1640	0.9999848634	0.005132035622
1641	0.9999848634	0.005132031061
1642	0.9999848634	0.005132018141
1643	0.9999848634	0.005132001389
1644	0.9999848634	0.005131952719
1645	0.9999848634	0.005131940681
1646	0.9999848634	0.005131905871
1647	0.9999848634	0.005131868336
1648	0.9999848634	0.005131844359
1649	0.9999848634	0.005131586967
1650	0.9999848634	0.005131581909
1651	0.9999848634	0.005131470739
1652	0.9999848634	0.00513146434
1653	0.9999848634	0.005131444698
1654	0.9999848634	0.005131343112
1655	0.9999848634	0.005131313288
1656	0.9999848634	0.00513129387
1657	0.9999848634	0.005131246683
1658	0.9999848634	0.005131235407
1659	0.9999848634	0.005131224166
1660	0.9999848634	0.005131087974
1661	0.9999848634	0.00513105372
1662	0.9999848634	0.005130897468
1663	0.9999848634	0.005130871607
1664	0.9999848634	0.005130869478
1665	0.9999848634	0.005130841409
1666	0.9999848634	0.005130792163
1667	0.9999848634	0.00513059211
1668	0.9999848634	0.005130566841
1669	0.9999848634	0.005130546869
1670	0.9999848634	0.005130418962
1671	0.9999848634	0.005130226516
1672	0.9999848634	0.005130111808
1673	0.9999848634	0.005130091195
1674	0.9999848634	0.005130089236
1675	0.9999848634	0.005129877496
1676	0.9999848634	0.00512986867
1677	0.9999848634	0.005129855738
1678	0.9999848634	0.005129845163
1679	0.9999848634	0.005129828031
1680	0.9999848634	0.005129761522
1681	0.9999848634	0.005129740879
1682	0.9999848634	0.005129738128
1683	0.9999848634	0.005129472768
1684	0.9999848634	0.005129396408
1685	0.9999848634	0.005129390729
1686	0.9999848634	0.005129266175
1687	0.9999848634	0.005129229437
1688	0.9999848634	0.005129194818
1689	0.9999848634	0.005129186474
1690	0.9999848634	0.005129160636
1691	0.9999848634	0.005129154791
1692	0.9999848634	0.005129148141
1693	0.9999848634	0.005129040486
1694	0.9999848634	0.005128993827
1695	0.9999848634	0.005128973309
1696	0.9999848634	0.005128962849
1697	0.9999848634	0.005128960698
1698	0.9999848634	0.005128927161
1699	0.9999848634	0.005128833677
1700	0.9999848634	0.005128812089
1701	0.9999848634	0.005128783707
1702	0.9999848634	0.005128718914
1703	0.9999848634	0.005128676432
1704	0.9999848634	0.005128657474
1705	0.9999848634	0.005128528285
1706	0.9999848634	0.005128487631
1707	0.9999848634	0.005128485891
1708	0.9999848634	0.005128456709
1709	0.9999848634	0.005128437189
1710	0.9999848634	0.005128437189
1711	0.9999848634	0.005128391741
1712	0.9999848634	0.005128382591
1713	0.9999848634	0.005128370638
1714	0.9999848634	0.005128163303
1715	0.9999848634	0.005128108568
1716	0.9999848634	0.005128067713
1717	0.9999848634	0.005127965863
1718	0.9999848634	0.005127960872
1719	0.9999848634	0.005127931945
1720	0.9999848634	0.005127928348
1721	0.9999848634	0.005127924753
1722	0.9999848634	0.005127914835
1723	0.9999848634	0.00512789238
1724	0.9999848634	0.005127882966
1725	0.9999848634	0.005127841979
1726	0.9999848634	0.005127813586
1727	0.9999848634	0.005127771884
1728	0.9999848634	0.005127757878
1729	0.9999848634	0.005127743917
1730	0.9999848634	0.005127481833
1731	0.9999848634	0.005127443135
1732	0.9999848634	0.005127424552
1733	0.9999848634	0.005127383542
1734	0.9999848634	0.005127311671
1735	0.9999848634	0.005127150069
1736	0.9999848634	0.005127007106
1737	0.9999848634	0.005126929508
1738	0.9999848634	0.005126914148
1739	0.9999848634	0.005126787703
1740	1	0.005051841664
1741	1	0.005051830836
1742	1	0.005051777649
1743	1	0.005051673289
1744	1	0.00505156984
1745	1	0.005051541678
1746	1	0.005051533515
1747	1	0.005051429627
1748	1	0.005051372551
1749	1	0.005051321025
1750	1	0.005051311236
1751	1	0.005051105511
1752	1	0.005051105511
1753	1	0.005051105511
1754	1	0.005051051044
1755	1	0.005050987313
1756	1	0.005050923852
1757	1	0.005050910748
1758	1	0.005050910748
1759	1	0.00505084699
1760	1	0.005050818883
1761	1	0.00505080316
1762	1	0.005050763956
1763	1	0.005050652033
1764	1	0.005050555961
1765	1	0.005050518494
1766	1	0.005050420161
1767	1	0.005050400935
1768	1	0.005050289968
1769	1	0.00505019251
1770	1	0.005050174036
1771	1	0.005050164668
1772	1	0.005050155354
1773	1	0.005050145861
1774	1	0.005050051774
1775	1	0.005049941724
1776	1	0.005049883148
1777	1	0.005049708467
1778	1	0.005049701385
1779	1	0.005049611534
1780	1	0.005049524231
1781	1	0.005049437949
1782	1	0.005049413676
1783	1	0.005049290946
1784	1	0.005049243243
1785	1	0.005049204851
1786	1	0.005049181706
1787	1	0.00504907302
1788	1	0.005049023639
1789	1	0.005048987264
1790	1	0.005048644434
1791	1	0.005048548889
1792	1	0.005048491979
1793	1	0.00504814227
1794	1	0.005048105611
1795	1	0.005048075848
1796	1	0.005048015792
1797	1	0.005047961784
1798	1	0.005047943699
1799	1	0.005047889983
1800	1	0.005047770392
1801	1	0.005047728535
1802	1	0.005047561562
1803	1	0.005047389711
1804	1	0.005047348455
1805	1	0.005047289275
1806	1	0.005047105304
1807	1	0.005047096553
1808	1	0.005047087743
1809	1	0.005047078959
1810	1	0.00504696103
1811	1	0.005046943582
1812	1	0.005046907532
1813	1	0.005046740076
1814	1	0.005046680986
1815	1	0.005046599228
1816	1	0.005046451178
1817	1	0.005046392082
1818	1	0.005046351439
1819	1	0.005046351439
1820	1	0.005046189842
1821	1	0.005046163397
1822	1	0.005046163397
1823	1	0.005046156563
1824	1	0.005046127525
1825	1	0.005046069021
1826	1	0.005045963847
1827	1	0.005045917975
1828	1	0.005045917975
1829	1	0.005045802736
1830	1	0.00504571522
1831	1	0.005045698221
1832	1	0.005045698221
1833	1	0.005045673702
1834	1	0.005045673702
1835	1	0.005045646095
1836	1	0.005045482511
1837	1	0.005045319965
1838	1	0.005045158452
1839	1	0.005044981673
1840	1	0.004978285061
1841	1	0.004978024535
1842	1	0.004977900333
1843	1	0.004977879617
1844	1	0.004977645796
1845	1	0.004977526068
1846	1	0.00497742881
1847	1	0.004977312267
1848	1	0.004977272796
1849	1	0.004977181103
1850	1	0.004977126697
1851	1	0.004977072848
1852	1	0.004976757617
1853	1	0.004976731255
1854	1	0.004976622859
1855	1	0.004927089585
1856	1	0.004895255884
1857	1	0.004895123935
1858	1	0.004895118163
1859	1	0.004895100947
1860	1	0.004895097719
1861	1	0.004894984011
1862	1	0.004894708737
1863	1	0.004894662629
1864	1	0.004836925732
1865	1	0.004836854015
1866	1	0.004836758761
1867	1	0.004779416425
1868	1	0.004779411243
1869	1	0.00477935262
1870	1	0.004779295578
1871	1	0.004779274863
1872	1	0.004779234546
1873	1	0.004779230572
1874	1	0.004779061293
1875	1	0.004779053743
1876	1	0.0047790224
1877	1	0.004778994771
1878	1	0.004778981778
1879	1	0.004778872097
1880	1	0.004778856892
1881	1	0.004778841909
1882	1	0.004778817033
1883	1	0.004778817033
1884	1	0.004778807245
1885	1	0.004778671721
1886	1	0.004778385192
1887	1	0.004778243807
1888	1	0.004777963508
1889	1	0.004777699918
1890	1	0.004777563531
1891	1	0.004777296924
1892	1	0.004777230159
1893	1	0.004777215051
1894	1	0.004777178175
1895	1	0.004777111674
1896	1	0.004776847398
1897	1	0.004776799057
1898	1	0.004776538267
1899	1	0.004776409351
1900	1	0.004776154185
1901	1	0.004775902732
1902	1	0.004775778299
1903	1	0.004775756815
1904	1	0.004775510735
1905	1	0.004775489923
1906	1	0.004775458116
1907	1	0.004775446283
1908	1	0.004775385462
1909	1	0.004775319976
1910	1	0.004775290302
1911	1	0.004775051368
1912	1	0.00477503086
1913	1	0.00477500395
1914	1	0.004774890795
1915	1	0.00477487616
1916	1	0.004774833949
1917	1	0.004774819808
1918	1	0.004774819808
1919	1	0.004774549415
1920	1	0.004774549415
1921	1	0.004774544305
1922	1	0.004774539958
1923	1	0.004774136852
1924	1	0.004773664776
1925	1	0.004773664776
1926	1	0.004773658985
1927	1	0.004773643847
1928	1	0.00477363951
1929	1	0.004773630886
1930	1	0.004773603026
1931	1	0.004773585779
1932	1	0.004773354774
1933	1	0.004773126425
1934	1	0.004773109442
1935	1	0.004773096511
1936	1	0.004773057063
1937	1	0.004773051078
1938	1	0.004773043414
1939	1	0.004772815748
1940	1	0.004772801991
1941	1	0.004772768638
1942	1	0.004772724009
1943	1	0.004772611719
1944	1	0.00477238829
1945	1	0.00477236905
1946	1	0.00477236263
1947	1	0.004772252622
1948	1	0.004772243062
1949	1	0.004772205029
1950	1	0.004772154399
1951	1	0.004772145308
1952	1	0.004772036084
1953	1	0.004771996502
1954	1	0.004771848412
1955	1	0.004771841369
1956	1	0.004771833312
1957	1	0.004771820938
1958	1	0.00477181627
1959	1	0.004771812743
1960	1	0.004771793678
1961	1	0.004771522884
1962	1	0.004771289467
1963	1	0.004771253974
1964	1	0.004771218973
1965	1	0.004771157892
1966	1	0.004771124581
1967	1	0.004771112811
1968	1	0.00477107957
1969	1	0.004771044693
1970	1	0.004770912277
1971	1	0.004770902433
1972	1	0.004770867914
1973	1	0.004770833872
1974	1	0.004770820881
1975	1	0.004770753308
1976	1	0.004770717477
1977	1	0.004770684435
1978	1	0.004770651601
1979	1	0.004770643538
1980	1	0.004770616864
1981	1	0.004770551424
1982	1	0.004770524928
1983	1	0.004770492781
1984	1	0.00477046037
1985	1	0.00477044669
1986	1	0.004770414534
1987	1	0.004770382626
1988	1	0.004770365438
1989	1	0.004770349609
1990	1	0.00477033383
1991	1	0.004770229258
1992	1	0.004770166177
1993	1	0.004770024705
1994	1	0.004769985449
1995	1	0.004769951955
1996	1	0.004769933631
1997	1	0.004769907805
1998	1	0.004769894985
1999	1	0.004769833059
